,title,comments,author,guilded,num_comments,score,pinned,subreddit,author_flair_text,created_utc,r_id
0,Shortest MIL Stories Megathread,<praw.models.comment_forest.CommentForest object at 0x7fcfad05f198>,AutoModerator,0,113,48,False,JUSTNOMIL,automated mod abuse,1535955301.0,9cj24g
1,"Gather around, my children",<praw.models.comment_forest.CommentForest object at 0x7fcfaccb3128>,DJStrongThenKill,0,187,769,False,JUSTNOMIL,butts,1535912522.0,9ce9jg
2,"MIL threatened grandparents rights, earned immediate NC",<praw.models.comment_forest.CommentForest object at 0x7fcface95b70>,sequinsandpolkadots,0,150,709,False,JUSTNOMIL,,1536076939.0,9cwz36
3,The wedding dress,<praw.models.comment_forest.CommentForest object at 0x7fcfacabcf28>,Boldrockwanders,0,82,1494,False,JUSTNOMIL,,1536056358.0,9cuceu
4,The Time Republimom kicked me out and got mad at me for being outside,<praw.models.comment_forest.CommentForest object at 0x7fcfacb2e470>,ThrowThatAssAwayYo,0,22,235,False,JUSTNOMIL,only sucks vegan dick,1536080389.0,9cxjba
5,I Had to Go on Vacation to Find a MILITW,<praw.models.comment_forest.CommentForest object at 0x7fcfaca42fd0>,McDuchess,0,11,211,False,JUSTNOMIL,,1536071239.0,9cw3ft
6,Please read. Emergency situation.,<praw.models.comment_forest.CommentForest object at 0x7fcfacb362b0>,texasbrownies,0,55,166,False,JUSTNOMIL,,1536075779.0,9cws33
7,"First time mom, MIL can't handle ""no"".",<praw.models.comment_forest.CommentForest object at 0x7fcfacab2da0>,GrimJelly,0,145,610,False,JUSTNOMIL,,1536045574.0,9ctdh2
8,"At 16 weeks pregnant, I was attacked by my In-laws. Both myself and my daughters lives put in danger. Now my husband wants us to have a relationship with them again. What should I do?",<praw.models.comment_forest.CommentForest object at 0x7fcfaca35390>,sammydawn15,0,386,2585,False,JUSTNOMIL,,1536016994.0,9cq9ve
9,GROW THE F UP!!,<praw.models.comment_forest.CommentForest object at 0x7fcfac96ce80>,daisybloom1991,0,29,119,False,JUSTNOMIL,,1536071290.0,9cw3ps
10,Langauge Barrier *almost* messed up DH's meds,<praw.models.comment_forest.CommentForest object at 0x7fcfaca93ac8>,floweryscientist,0,9,87,False,JUSTNOMIL,,1536076675.0,9cwxcp
11,Comptroller and Flu Shots,<praw.models.comment_forest.CommentForest object at 0x7fcfae410278>,razsnazz,0,33,137,False,JUSTNOMIL,,1536067438.0,9cvkac
12,Was hoping I wouldn’t have anything to post for a while,<praw.models.comment_forest.CommentForest object at 0x7fcfac8a7f28>,ohreallynowlinda,0,12,49,False,JUSTNOMIL,,1536087435.0,9cylvd
13,Cookie monster found us...,<praw.models.comment_forest.CommentForest object at 0x7fcfacf040b8>,BrokenCupcakes,0,357,3297,False,JUSTNOMIL,,1536003540.0,9coiaf
14,Morlock Clips the Strings Herself,<praw.models.comment_forest.CommentForest object at 0x7fcfac7ba320>,MorlocksDIL,0,7,73,False,JUSTNOMIL,Distributing b*tch prizes,1536075497.0,9cwqlu
15,The subtle criticism of The Queen of Bitchlandia,<praw.models.comment_forest.CommentForest object at 0x7fcfac7cbf98>,SoVeryTired81,0,28,341,False,JUSTNOMIL,Sucks to suck Bitch!,1536043949.0,9ct7ri
16,Womb Landlord's Emotional Waste Bin Tells All!,<praw.models.comment_forest.CommentForest object at 0x7fcfac826fd0>,magnificentpearphone,0,7,104,False,JUSTNOMIL,,1536066487.0,9cvfsa
17,"Moisturizer Nazi got a taste of her own medicine, and DH is on my side again (update)",<praw.models.comment_forest.CommentForest object at 0x7fcfaccab048>,cindyxloowho,0,26,32,False,JUSTNOMIL,,1536086928.0,9cyj9o
18,Ex gf invited to my baby shower,<praw.models.comment_forest.CommentForest object at 0x7fcfac7ba5c0>,jordynwx,0,132,557,False,JUSTNOMIL,,1536030367.0,9crvp5
19,MIL and the 'homemade soup',<praw.models.comment_forest.CommentForest object at 0x7fcfac832ba8>,Sheanar,0,16,202,False,JUSTNOMIL,,1536048521.0,9ctn2t
20,Introducing ... my GMIL in “Adventures in Caretaking” Long long long,<praw.models.comment_forest.CommentForest object at 0x7fcfae9460b8>,cityvengeance,0,8,39,False,JUSTNOMIL,,1536080001.0,9cxh40
21,Just answer the damn phone!,<praw.models.comment_forest.CommentForest object at 0x7fcfac731780>,Castawaycoffeepot,0,31,29,False,JUSTNOMIL,,1536084725.0,9cy7vs
22,"Guys, Malbots is coming to visit (and more BEC!)",<praw.models.comment_forest.CommentForest object at 0x7fcfac6e5a90>,Carbonatite,0,24,31,False,JUSTNOMIL,,1536082486.0,9cxvao
23,The Weekend From Hell: in which I realize it’s neverending,<praw.models.comment_forest.CommentForest object at 0x7fcfac6f1828>,dyingdill,0,12,25,False,JUSTNOMIL,,1536082345.0,9cxuit
24,"She hid with the druggies, fanatics and freaks",<praw.models.comment_forest.CommentForest object at 0x7fcfacd255c0>,ConvolutedTomorrow,0,5,33,False,JUSTNOMIL,,1536075933.0,9cwszp
25,JNM: Abandoning Puppies as a Hobby edition,<praw.models.comment_forest.CommentForest object at 0x7fcfac684898>,byacolate,0,10,74,False,JUSTNOMIL,,1536061014.0,9cusrc
26,I think my own mom will be (is?) a JUSTNOMIL,<praw.models.comment_forest.CommentForest object at 0x7fcfac690d68>,readyrosie,0,22,80,False,JUSTNOMIL,,1536058393.0,9cuj6n
27,General clinginess and GPS tracking,<praw.models.comment_forest.CommentForest object at 0x7fcfacf17048>,arkhamdovahkiin,0,41,24,False,JUSTNOMIL,,1536081307.0,9cxosi
28,Glum Gabby and the Pasta Throwdown,<praw.models.comment_forest.CommentForest object at 0x7fcfac6ad9e8>,Danceswithmorons,0,4,20,False,JUSTNOMIL,"O hai, Satan!",1536080528.0,9cxk5a
29,Step On Me's Emergency Mattress,<praw.models.comment_forest.CommentForest object at 0x7fcfac728ba8>,kitethekite,0,17,13,False,JUSTNOMIL,,1536087380.0,9cylks
30,We didn’t tell JNMIL we were in town visiting (purposefully).... obviously she found out....,<praw.models.comment_forest.CommentForest object at 0x7fcfac6b2cf8>,littlebritney,0,84,172,False,JUSTNOMIL,,1536037206.0,9csl2n
31,"Introducing Hagda, or, Be Gentle with the Piñata",<praw.models.comment_forest.CommentForest object at 0x7fcfac60edd8>,LikeItSounds,0,34,310,False,JUSTNOMIL,,1536024509.0,9cr79b
32,CleanFreak: NO PDAs! And why do you never kiss us goodnight?,<praw.models.comment_forest.CommentForest object at 0x7fcfac65f5f8>,TheFilthyDIL,0,33,764,False,JUSTNOMIL,,1536005970.0,9coucf
33,FMIL and the car - an uneventful update.,<praw.models.comment_forest.CommentForest object at 0x7fcfac633b70>,NoddyBowWow,0,10,64,False,JUSTNOMIL,,1536053159.0,9cu19c
34,A short tidbit,<praw.models.comment_forest.CommentForest object at 0x7fcfac5bb588>,Mistress_Jedana,0,14,47,False,JUSTNOMIL,,1536057614.0,9cugkr
35,Small Update and Advice Needed,<praw.models.comment_forest.CommentForest object at 0x7fcfac5e9fd0>,AllegraO,0,3,13,False,JUSTNOMIL,,1536084665.0,9cy7kf
36,I'm losing my mind,<praw.models.comment_forest.CommentForest object at 0x7fcfac5c82b0>,antisocialprincess92,0,6,10,False,JUSTNOMIL,,1536088077.0,9cypbn
37,PlantageNOT: the BEC files,<praw.models.comment_forest.CommentForest object at 0x7fcfac5f2fd0>,NotFuckingWarren,0,25,147,False,JUSTNOMIL,,1536035221.0,9csdw1
38,CryBaby is...Done?,<praw.models.comment_forest.CommentForest object at 0x7fcfac5e9cf8>,BlueBee773,0,40,510,False,JUSTNOMIL,,1536010583.0,9cph24
39,Update to: 13 days out and over it.,<praw.models.comment_forest.CommentForest object at 0x7fcfac5e91d0>,modernjaneausten,0,61,162,False,JUSTNOMIL,,1536031496.0,9crzzj
40,My car accident and fall semester of senior year,<praw.models.comment_forest.CommentForest object at 0x7fcfacf1ef98>,drowninginhighlight,0,2,13,False,JUSTNOMIL,,1536079274.0,9cxcpd
41,Intro to Giggles: light Boundary Pusher has stepped up to her first full CBF,<praw.models.comment_forest.CommentForest object at 0x7fcfac53c278>,Agile_Strawberry,0,8,10,False,JUSTNOMIL,,1536079469.0,9cxdvr
42,"Meet Jamie, the MIL who uses teenage-tv-show logic to break us up.",<praw.models.comment_forest.CommentForest object at 0x7fcfac592908>,Mucheng,0,3,5,False,JUSTNOMIL,,1536090785.0,9cz37h
43,MIL hyjacks Christmas plans. Why are men so blind to their mommies?,<praw.models.comment_forest.CommentForest object at 0x7fcfac53c9e8>,kerryap,0,19,69,False,JUSTNOMIL,,1536038593.0,9csq1f
44,The Wedding Outfits,<praw.models.comment_forest.CommentForest object at 0x7fcfacf1ee48>,likeursoperfect,0,14,89,False,JUSTNOMIL,,1536031178.0,9crytc
45,Because 2am is an excellent time to ask your child a question,<praw.models.comment_forest.CommentForest object at 0x7fcfac592e48>,crazyspottedcatlady,0,4,22,False,JUSTNOMIL,,1536059906.0,9cuopp
46,Learning what love feels like.,<praw.models.comment_forest.CommentForest object at 0x7fcfaccbf2e8>,loreike,0,2,5,False,JUSTNOMIL,,1536087593.0,9cymrn
47,Darth Potter has returned,<praw.models.comment_forest.CommentForest object at 0x7fcfac56e978>,Peppermint_Panda88,0,23,410,False,JUSTNOMIL,,1536001743.0,9co989
48,FMIL thinks she is now my actual mother???,<praw.models.comment_forest.CommentForest object at 0x7fcfac5e3b38>,FluffyOmens,0,229,2219,False,JUSTNOMIL,,1535968482.0,9ck78m
49,In-laws just decided to “pop in”...,<praw.models.comment_forest.CommentForest object at 0x7fcfac569ba8>,Darwinian_10,0,53,562,False,JUSTNOMIL,,1535994852.0,9cn9fc
50,How do you handle knowing there's an 80-99% chance there's going to be a confrontation with your JNM?,<praw.models.comment_forest.CommentForest object at 0x7fcfac48ae80>,second_glance,0,11,5,False,JUSTNOMIL,,1536084714.0,9cy7u0
51,HTF do I negotiate the holidays with JNMIL...,<praw.models.comment_forest.CommentForest object at 0x7fcfac40de10>,TenaciousTapir,0,12,4,False,JUSTNOMIL,,1536087679.0,9cyn89
52,Advice on rude remarks?,<praw.models.comment_forest.CommentForest object at 0x7fcfac42efd0>,OrdinaryMouse2,0,8,9,False,JUSTNOMIL,,1536076350.0,9cwvk7
53,"Cake Boss in ""The Social Security Card Debacle""",<praw.models.comment_forest.CommentForest object at 0x7fcfac501438>,tabletoppineapple,0,43,647,False,JUSTNOMIL,,1535988061.0,9cmawp
54,So I think I found out Bankrupt Psycho’s issue with me,<praw.models.comment_forest.CommentForest object at 0x7fcfac42e4a8>,coconuts-commodities,0,6,58,False,JUSTNOMIL,,1536034710.0,9csc05
55,Mostly JYmom has been getting on my nerves lately,<praw.models.comment_forest.CommentForest object at 0x7fcfac426e48>,dauntless87,0,6,5,False,JUSTNOMIL,,1536083396.0,9cy0j5
56,The Mastermind and My Child Puking,<praw.models.comment_forest.CommentForest object at 0x7fcfac4155c0>,DollyLlamasHuman,0,32,243,False,JUSTNOMIL,"Easy, breezy, beautiful Llama girl",1536003129.0,9cog7o
57,MIL always has to one-up us,<praw.models.comment_forest.CommentForest object at 0x7fcfac426da0>,the_taco_belle,0,44,74,False,JUSTNOMIL,,1536028331.0,9crne0
58,I think my MIL just crossed the line between MildlyNO to JustNO...,<praw.models.comment_forest.CommentForest object at 0x7fcfac3e7cc0>,anonymity117,0,17,69,False,JUSTNOMIL,,1536027922.0,9crlqq
59,MIL has baby rabies update: it's all my fault,<praw.models.comment_forest.CommentForest object at 0x7fcfac382780>,blanketburritos,0,54,720,False,JUSTNOMIL,,1535980955.0,9clfk0
60,Gollum has a foot in mouth moment. Acts like it wasn’t horrific.,<praw.models.comment_forest.CommentForest object at 0x7fcfac38e828>,Goodlittlewitch,0,6,156,False,JUSTNOMIL,,1536010064.0,9cpel0
61,"Christmas, the gift that keeps on giving.",<praw.models.comment_forest.CommentForest object at 0x7fcfac3a2a90>,Stefaki,0,15,28,False,JUSTNOMIL,,1536043105.0,9ct516
62,No contact to be broken in 6 days,<praw.models.comment_forest.CommentForest object at 0x7fcfac33bf98>,shewantstheJD,0,40,169,False,JUSTNOMIL,,1536003623.0,9coios
63,Thought Dicksmack Paddywhack might be coming around. We thought wrong. Advice on when to finally confront?,<praw.models.comment_forest.CommentForest object at 0x7fcfac377080>,uh_lee_sha,0,9,80,False,JUSTNOMIL,,1536018519.0,9cqgk8
64,T-Rex and the discovery of the engagement ring,<praw.models.comment_forest.CommentForest object at 0x7fcfac36ea58>,commentspanda,0,13,476,False,JUSTNOMIL,,1535981762.0,9cliqg
65,JNMom or was I in the wrong?,<praw.models.comment_forest.CommentForest object at 0x7fcfacccf7b8>,ColdburnEntity,0,8,9,False,JUSTNOMIL,,1536058001.0,9cuhvp
66,Dubiously Delusional and the Autism Diagnosis,<praw.models.comment_forest.CommentForest object at 0x7fcfacece518>,TheIdealisticCynic,0,12,34,False,JUSTNOMIL,,1536031694.0,9cs0ri
67,Overly gift-giving MIL being obsessive about us using her gifts??,<praw.models.comment_forest.CommentForest object at 0x7fcfacec4208>,shartweekondvd,0,48,48,False,JUSTNOMIL,,1536022814.0,9cqzpj
68,"Falsetto Fiona ""told me so"".",<praw.models.comment_forest.CommentForest object at 0x7fcfac308438>,justhereforjustno,0,55,160,False,JUSTNOMIL,,1535997907.0,9cnpek
69,Update: The Nose holds me underwater and it is somehow my fault,<praw.models.comment_forest.CommentForest object at 0x7fcfac35b4e0>,DryDesertBastard,0,33,288,False,JUSTNOMIL,,1535984463.0,9cluac
70,Update to Memory Loss - DD2's Birthday and You've Got Mail,<praw.models.comment_forest.CommentForest object at 0x7fcfacccb828>,ImaginationCalls,0,11,176,False,JUSTNOMIL,,1535991218.0,9cmqro
71,Elope in two weeks!,<praw.models.comment_forest.CommentForest object at 0x7fcfac321c88>,snanger_danger,0,43,460,False,JUSTNOMIL,,1535970992.0,9ckfbo
72,Thunder Theif and the Weekend Intrusion,<praw.models.comment_forest.CommentForest object at 0x7fcfacccbf60>,mamabear727,0,17,62,False,JUSTNOMIL,,1536010071.0,9cpema
73,We’re finally NC which is awesome but why am I sad?,<praw.models.comment_forest.CommentForest object at 0x7fcfae407080>,carryandwander,0,22,33,False,JUSTNOMIL,,1536023920.0,9cr4q3
74,"Update: My JNMiL is living here now... (long post, drama llamas)",<praw.models.comment_forest.CommentForest object at 0x7fcfaccdcb70>,Mistress_Jedana,0,74,263,False,JUSTNOMIL,,1535981467.0,9clhi2
75,She didn't stop until the last second.,<praw.models.comment_forest.CommentForest object at 0x7fcfaf426ef0>,WellUpholsteredLady,0,27,845,False,JUSTNOMIL,,1535956843.0,9cj793
76,Bette Crawford was actually violent (tw: child abuse),<praw.models.comment_forest.CommentForest object at 0x7fcfacfa5b70>,MadHatter06,0,10,103,False,JUSTNOMIL,,1535997007.0,9cnkqz
77,I posted about my mom’s MIL “Debra” a few months ago because I had to spend the fourth of July with her. Here’a a summary of that bloody awful experience.,<praw.models.comment_forest.CommentForest object at 0x7fcfaf016c18>,whispersofaquarius,0,12,134,False,JUSTNOMIL,Grandma Debra,1535992597.0,9cmxrz
78,Update to meeting the BF's mom for the first time!,<praw.models.comment_forest.CommentForest object at 0x7fcfaccdc710>,awneekah,0,9,19,False,JUSTNOMIL,,1536027111.0,9crii5
79,"Food Drive for Drama Llamas; OR, ""How She Divorced Me Over the Russian Mob""",<praw.models.comment_forest.CommentForest object at 0x7fcfad1fc470>,ProfessionalPop7,0,14,63,False,JUSTNOMIL,,1536002086.0,9coax1
80,Update to Lovebomb letter left by NothingButGossip.,<praw.models.comment_forest.CommentForest object at 0x7fcfb4f9bc88>,UnderCoverBunker,0,7,45,False,JUSTNOMIL,,1536008120.0,9cp52b
81,Crouching Tiger Hidden Dragon and potato salad,<praw.models.comment_forest.CommentForest object at 0x7fcfaea1bf98>,LittUpMyMug,0,9,63,False,JUSTNOMIL,,1536002536.0,9cod6e
82,Update to Giada's prison situation.,<praw.models.comment_forest.CommentForest object at 0x7fcfacce3588>,anonymousmousegirl,0,243,2422,False,JUSTNOMIL,that busty cake peddler,1535929746.0,9cgf30
83,A Tale of Too Stupid (or: The Time My Mother Lied About Going Blind),<praw.models.comment_forest.CommentForest object at 0x7fcfaebb7198>,byacolate,0,27,196,False,JUSTNOMIL,,1535976229.0,9ckxkl
84,"The Collector, Small BEC from the Book of Faces and MY PAAAAAARTY",<praw.models.comment_forest.CommentForest object at 0x7fcfb4206b70>,throwawayunicorn1sie,0,3,31,False,JUSTNOMIL,,1536014729.0,9cpzwz
85,Hell Beast and Divorce. Realisation.,<praw.models.comment_forest.CommentForest object at 0x7fcfae606390>,Blurryblanket,0,102,398,False,JUSTNOMIL,,1535962350.0,9cjpaq
86,Generational trauma,<praw.models.comment_forest.CommentForest object at 0x7fcfacedbc18>,Jaerat,0,5,39,False,JUSTNOMIL,,1536005979.0,9coudz
87,Despicable Maw: I Can't Take Him Anywhere!,<praw.models.comment_forest.CommentForest object at 0x7fcfacee9f60>,halfwaygonetoo,0,59,748,False,JUSTNOMIL,,1535948605.0,9cieh6
88,Just realizing I have any fog to work through,<praw.models.comment_forest.CommentForest object at 0x7fcfacef56a0>,justnothrow465773,0,16,11,False,JUSTNOMIL,,1536027749.0,9crl29
89,SMIL: an Introduction and a Rant,<praw.models.comment_forest.CommentForest object at 0x7fcfad33a940>,glittergirl_125,0,12,26,False,JUSTNOMIL,,1536010434.0,9cpgdx
90,"When I met my now fiancé/mother of my children, she was living with her mom. Her mom used to treat her like absolute shit. Manipulative as hell, anywho, finally got my fiancé to stand up to her and after that, the MIL has hated me AND her daughter. Even wanted us to abort our own son.",<praw.models.comment_forest.CommentForest object at 0x7fcfb79a3400>,Armorpiercing44,0,8,29,False,JUSTNOMIL,,1536010054.0,9cpejp
91,Former MIL,<praw.models.comment_forest.CommentForest object at 0x7fcfaf514da0>,ABC104,0,10,90,False,JUSTNOMIL,,1535985843.0,9cm0jn
92,Granny Greed and Compassion Fatigue Outbursts,<praw.models.comment_forest.CommentForest object at 0x7fcfaea20550>,Lancerlandshark,0,8,45,False,JUSTNOMIL,,1535998279.0,9cnr8j
93,She read my messages and killed my relationship,<praw.models.comment_forest.CommentForest object at 0x7fcfaf514710>,,0,60,379,False,JUSTNOMIL,,1535955374.0,9cj2df
94,Wedding Dictator Loses It,<praw.models.comment_forest.CommentForest object at 0x7fcface805c0>,snack_queen69,0,52,434,False,JUSTNOMIL,,1535951580.0,9cip8i
95,How do I deal with being the lost child?,<praw.models.comment_forest.CommentForest object at 0x7fcfe4244828>,exemplarenigma,0,12,35,False,JUSTNOMIL,,1536001772.0,9co9eh
96,Lardo's Attempt at Social Media,<praw.models.comment_forest.CommentForest object at 0x7fcfb307fcf8>,OkLand6,0,115,1941,False,JUSTNOMIL,,1535921486.0,9cfffc
97,The time she stole my grocery net from my trunk,<praw.models.comment_forest.CommentForest object at 0x7fcfb3528a20>,swivelfishbowl,0,42,1311,False,JUSTNOMIL,,1535928228.0,9cg8og
98,I snapped,<praw.models.comment_forest.CommentForest object at 0x7fcfb87450b8>,19751975,0,118,1249,False,JUSTNOMIL,,1535927440.0,9cg5i1
99,Idk how to react to Hussy today,<praw.models.comment_forest.CommentForest object at 0x7fcfb4bb3278>,aakyfr,0,24,43,False,JUSTNOMIL,,1535993918.0,9cn4eh
